left_cardinality,left_cardinality_ratio,base_cardinality,selectivity_on_indexed_attr,left_ordered,base_ordered,hj_idx_cost,hj_seq_cost,nl_idx_cost,nl_seq_cost,mj_idx_cost,mj_seq_cost,optimal_decision
560,0.2190923317683881,2556,0.8568075117370892,0,1,464828.52,464798.24,465064.95,483198.99,464838.28,464929.8,3
560,0.2190923317683881,2556,0.8568075117370892,1,1,335012.88,334982.6,335249.31,353383.35,335022.64,335114.16,3
